Country Name,2000,2001,2002,2003,2004,2005,2006,2007,2008,2009,2010,2011,2012,2013,2014,2015,2016,2017,2018,2019,2020,2021,2022
Aruba,21026.16709,20911.19277,21375.26912,22050.58987,24105.52412,24978.22167,25832.92556,27665.29948,29011.63906,25740.77023,24452.58874,26043.15633,25611.17577,26514.86898,26940.26411,28419.26453,28449.71295,29329.08175,30918.48358,31902.80982,24008.12782,29127.75938,33300.83882
Africa Eastern and Southern,710.665706,631.5956953,631.9282817,818.1219214,991.192169,1126.375948,1232.423412,1376.638778,1435.808451,1420.293773,1656.366272,1806.768778,1773.651568,1736.849038,1725.332959,1554.167299,1444.003514,1625.286236,1558.307482,1507.982881,1355.805923,1545.613215,1644.062829
Afghanistan,498.70831954599714,427.302284904764,182.1740366,199.6432279,221.8305307,254.1152743,274.0153943,376.3182964,382.5338038,453.3873821,562.4992194,608.7388559,653.4174791,638.7331848,626.5129305,566.8811327,523.0530121,526.1408013,492.0906323,497.7414293,512.0550982,355.7778264,573.1909471976644
Africa Western and Central,519.7573953,532.2725758,619.7126518,697.8512357,841.2973523,1000.793722,1243.173889,1421.272934,1685.556069,1467.615875,1679.88783,1861.381068,1957.917784,2154.150832,2248.316255,1882.264038,1648.762676,1590.277754,1735.374911,1812.446822,1688.075575,1766.943618,1785.312219
Angola,556.8842435,527.4641184,872.657638,982.8055897,1254.696126,1900.723816,2597.963585,3121.348735,4081.717497,3123.698898,3586.66368,4608.155166,5083.826851,5061.34924,5011.984412,3217.339244,1809.709377,2439.374441,2540.508878,2191.347764,1450.905112,1927.474078,3000.444231
Albania,1126.68334,1281.659826,1425.124219,1846.120121,2373.581292,2673.787816,2972.743621,3595.038295,4370.539716,4114.134033,4094.349686,4437.141161,4247.631343,4413.063383,4578.633208,3952.803574,4124.05539,4531.032207,5287.660801,5396.214243,5343.037704,6377.203096,6810.114041
Andorra,21620.4651,22809.08776,24784.95609,31954.16179,37630.76426,39583.93119,43084.28372,50562.82661,53721.38851,49750.71855,48237.89054,51428.1897,44902.38771,44747.76116,45680.54694,38885.54859,39931.23626,40632.20898,42904.81159,41328.61239,37207.23887,42072.31942,41992.77278
Arab World,2858.484294,2736.600319,2694.219561,2916.795659,3394.097292,4070.894775,4704.005067,5329.579921,6531.525136,5587.915661,6437.734497,6894.816127,7368.698896,7352.085717,7306.051166,6287.314935,6117.871507,6230.762079,6579.417105,6504.789633,5644.14257,6419.161029,7625.252464
United Arab Emirates,31855.5006,29909.00943,30221.967,32607.37293,37017.73637,42190.55438,45339.58512,43918.38017,45140.76908,31722.58876,35392.26097,42078.61381,44386.78608,45729.60768,46865.9646,41525.1389,41054.53957,43063.96748,46722.26872,45376.17084,37629.17417,44332.34005,53707.98008
Argentina,7666.517834,7168.975872,2579.488769,3333.152904,4258.160261,5086.627761,5890.978002,7210.595548,8977.506851,8184.389889,10385.96443,12848.73915,13082.66433,13080.25473,12334.79825,13789.06042,12790.26414,14613.03565,11795.16275,9963.674162,8500.837939,10650.86046,13650.60463
Armenia,603.2980252,676.1500113,765.3161777,910.1712617,1166.638204,1608.163408,2109.526384,3064.279963,3908.94906,2917.366242,3143.02948,3462.681778,3643.715401,3833.157074,4017.229914,3666.141822,3679.952347,4041.995071,4391.92327,4828.504886,4505.867742,4972.783204,7018.051504
American Samoa,7618.4397797945585,8458.26344527225,8800.72881,9043.682367,8832.818519,8733.014287,8673.927195,9187.166344,10019.50225,12191.59773,10446.86321,10495.30473,11920.06109,12038.87159,12313.99736,13101.54182,13300.82461,12372.88478,13195.9359,13672.57666,15609.77722,16653.71378,19673.3901
Antigua and Barbuda,11010.19746,10502.93881,10549.66619,10968.89268,11650.84848,12808.01015,14310.68623,16006.13611,16457.10406,14530.59869,13404.51602,14774.03218,15136.84111,14977.07183,15451.49524,15985.54114,16449.05915,16803.87023,18133.8226,18730.0048,15224.85859,17178.54372,19919.72669
Australia,21870.41597,19695.72974,20301.84317,23718.13385,30836.73068,34479.76793,36595.70715,41051.61207,49701.28178,42816.5674,52147.02419,62609.66072,68078.04423,68198.41934,62558.24388,56758.8692,49918.79393,53954.55349,57273.52048,55049.57192,51868.24756,60697.24544,65099.84591
Austria,24625.60072,24558.76368,26527.59309,32294.04886,36889.23351,38417.45779,40669.32696,46915.3374,51919.98358,48153.32402,46903.76159,51442.27625,48564.91734,50731.12725,51786.37717,44195.81759,45307.58786,47429.15846,51466.55656,50067.58573,48789.49785,53517.89045,52084.6812
Azerbaijan,655.0972496,703.6709986,763.1088955,883.6925807,1045.013633,1578.36733,2472.957257,3851.330152,5574.468104,4950.39949,5843.533768,7189.818692,7495.865277,7875.345367,7890.840281,5500.503646,3880.685228,4147.198142,4739.794312,4805.753718,4229.910649,5408.045352,7762.073829
Burundi,138.0046172,135.6064758,124.1393016,114.3670072,128.5384225,151.188541,166.2762452,170.7068765,194.7106346,204.5447556,222.6605832,236.4513475,238.2059453,241.5476657,257.8185574,289.3596272,242.5395273,244.1454222,232.0606166,216.9729709,216.8274175,221.1578034,259.0250314
Belgium,23098.88651,23015.07126,25006.1914,30655.20927,35429.40779,36809.70134,38705.1068,44319.16545,48303.39796,44760.29124,44184.94635,47410.56693,44670.56068,46757.95186,47764.07151,41008.29672,42012.62272,44198.48239,47544.98115,46641.7214,45609.00349,51850.39718,49926.82543
Benin,502.9979811,508.3474477,564.3790577,698.4087773,784.1190751,805.9046853,837.1320025,944.6431721,1098.946679,1061.71836,1009.489495,1099.414311,1112.569536,1214.295565,1251.504765,1041.652523,1049.820303,1095.274459,1194.438214,1170.885995,1240.733155,1360.911474,1302.851036
Burkina Faso,249.8020757,260.4434731,286.7537149,363.818352,405.4512764,442.9444306,457.3420749,516.7503285,621.8902718,603.8775456,627.2703957,727.6124745,733.9728796,762.3037801,767.3713441,632.1266858,665.7863286,711.1845434,779.2027686,765.2295604,823.5524109,888.7810788,830.0371503
Bangladesh,413.1001853,410.0485409,407.9629676,440.7144048,469.1164584,492.8086489,503.5383322,552.3389345,630.1089792,698.520945,776.8595769,856.3818868,876.8180104,973.7739043,1108.514957,1236.004392,1659.962496,1815.610262,1963.412492,2122.078397,2233.305901,2457.924039,2688.305501
Bulgaria,1621.262107,1770.907049,2092.982886,2719.494369,3389.687434,3899.825963,4523.146558,5888.776852,7271.303389,6988.273163,6863.667068,7857.16707,7430.73738,7687.713682,7912.274844,7078.860323,7570.931655,8381.881346,9447.655897,9874.336326,10148.3424,12219.34187,13974.44925
Bahrain,12738.77412,12291.83261,12819.99594,14230.29675,15777.96364,17705.23516,19057.7989,20883.54803,23155.82145,19448.18326,21186.81433,23741.55746,25102.72635,25790.73031,25464.7601,22795.44886,22867.18112,24349.90987,25415.84662,25869.11291,23433.18724,26850.00339,30146.92503
"Bahamas, The",24849.60648,25234.14415,26590.14018,26204.8805,26393.41395,28280.87084,28829.84938,29687.86522,29013.63029,27120.69055,27046.65767,26644.92658,28059.39366,26955.78893,28203.35568,29724.95334,29675.53589,30708.98702,31483.97884,32279.01136,23998.26802,28260.43255,31458.30081
Bosnia and Herzegovina,1332.210217,1382.76746,1602.564039,2031.402483,2451.577301,2741.080175,3170.174783,3936.931747,4846.790941,4542.311673,4506.932352,4980.904688,4688.345823,5025.241753,5196.970084,4654.60862,4917.263766,5327.392304,6024.49315,6094.724823,6095.104237,7230.198838,7568.79848
Belarus,1276.280381,1244.373185,1479.380663,1819.526531,2378.337005,3126.071767,3848.223503,4735.481076,6376.175692,5352.488092,6034.678852,6527.659343,6953.215917,7998.080205,8341.290143,5967.06856,5039.775609,5785.533977,6360.053101,6837.768321,6542.86454,7489.718947,7888.263711
Belize,4720.168218,4708.294937,4844.228574,4937.089905,5123.596214,5236.365426,5486.831434,5717.92962,5665.966232,5352.095987,5399.062096,5519.339008,5635.521526,5865.470902,6031.548402,6098.60008,6099.957102,6049.391948,6001.024262,6134.215233,5185.15807,6060.968223,6984.21696
Bermuda,56284.16865,58883.95943,62583.1002,66111.72523,70359.31911,75882.03386,95221.85887,104287.3875,106935.4863,101407.764,101875.2841,97774.16207,98431.86518,99471.6389,98467.68399,102005.6256,106885.8785,111820.5815,113050.7369,116153.1661,107791.8864,111774.6691,118774.7907
Bolivia,977.3294177,930.8756843,888.198576,892.3553416,951.9516229,1018.313725,1200.068042,1351.035182,1687.578497,1725.146286,1922.058571,2304.982462,2562.466784,2853.797162,3022.462884,2975.648811,3013.502707,3280.008214,3471.006951,3472.380831,3068.812555,3345.023002,3600.121635
Brazil,3726.811669,3142.23514,2824.715413,3056.649798,3623.224462,4773.268551,5866.023414,7323.191594,8801.757876,8569.902547,11249.29189,13200.55623,12327.5131,12258.56571,12071.40446,8783.215424,8680.736469,9896.718895,9121.020995,8845.324149,6923.699912,7696.78483,8917.674911
Barbados,11560.2459,11510.04043,11658.62904,11998.17569,12828.43895,14173.75138,15595.6365,17219.02123,17551.85504,16309.88601,16494.24304,16902.49232,16704.92438,16923.59092,16964.75226,17023.69436,17381.36509,17881.56325,18271.25225,19063.10229,16882.50152,17507.46799,20238.78424
Brunei Darussalam,17971.89229,16437.42204,16817.23887,18521.36613,21839.26362,25991.21401,30767.75383,32337.27437,37427.54006,27497.54687,34609.71198,46139.10758,46844.19734,43950.04546,41035.77712,30681.43397,26762.03504,28186.98674,31240.50179,30748.30924,27179.35289,31448.91275,37152.47697
Bhutan,722.8267562,765.0092366,841.3663133,951.7391705,1050.133107,1201.433648,1299.631259,1714.031085,1780.112232,1768.745945,2194.125876,2491.273439,2470.072151,2409.440006,2589.89916,2695.636924,2879.546564,3427.173845,3389.777303,3564.598772,3181.339747,3560.197705,3803.956306994725
Botswana,3351.696517,3115.679,3029.788362,4111.738085,4818.213103,5240.316159,5142.913834,5372.340732,5345.848752,4938.249906,6041.732051,7080.778643,6392.987347,6436.603319,6844.03325,5869.737579,6411.551666,6705.341062,6947.817841,6691.161053,5875.070606,7238.796098,7738.878804
Central African Republic,243.8775801,242.5757268,253.4106704,283.6753481,309.1902428,317.8776779,340.4145171,388.4777717,446.2287704,452.9222365,459.7769818,515.2095035,525.867504,352.2268549,394.856933,351.8797548,372.1354561,414.7403223,435.9322966,426.4087531,435.4692478,461.137511,427.0580962
Canada,24271.00206,23822.06012,24255.33858,28300.4631,32143.68141,36382.50792,40504.06073,44659.89514,46710.50558,40876.31015,47562.08343,52223.69611,52669.08996,52635.17496,50955.99832,43596.13554,42315.60371,45129.4293,46548.63841,46374.15275,43562.43583,52515.19984,55522.44569
Central Europe and the Baltics,3952.111287,4352.728509,4937.124851,5949.802685,7176.509046,8355.865939,9469.733136,12009.67771,14577.94561,12307.63568,12607.86047,13964.09383,13075.40262,13667.03547,14142.31873,12526.59301,12783.18084,14223.33868,16078.20726,16349.94583,16297.9641,18814.14582,19420.96441
Switzerland,38865.02194,39638.79111,42458.73847,49335.74563,54659.45715,56242.89336,59011.03246,64989.15533,74175.19279,71568.31239,76531.37294,90476.75897,85836.20768,87304.33058,88724.99094,83806.4476,82153.07454,82254.37693,85217.36915,84121.93103,85897.78433,93446.43445,93259.90572
Channel Islands,44318.2211,42678.27703,45279.64194,49428.30976,57200.46646,58550.65717,63665.31535,75148.34944,57775.579958964896,42146.21752661218,29404.901149907735,17114.28814696889,9066.332754541387,17147.906324706146,29972.127874281043,47834.32607500945,58093.99606,57683.8939,62316.21995,61281.32722,57339.52687,67960.727,67816.84419585018
Chile,5102.968761,4610.592695,4477.187853,4823.257421,6185.303785,7560.543671,9418.274924,10456.83238,10797.04737,10204.55885,12764.59312,14637.75617,15397.78046,15842.15916,14675.15087,13567.35722,13788.24002,15034.05843,15820.03336,14632.69031,13173.78479,16240.60778,15355.47974
China,959.3604313,1053.112314,1148.514257,1288.637491,1508.667916,1753.414192,2099.21943,2693.958732,3468.327063,3832.227457,4550.473944,5614.386022,6300.58218,7020.386074,7636.07434,8016.445595,8094.390167,8817.045608,9905.406383,10143.86022,10408.71955,12617.5051,12720.21632
Cote d'Ivoire,986.7773528,974.779985,1020.950492,1173.063882,1267.764823,1267.087311,1303.564967,1451.232531,1683.337505,1638.804684,1654.177959,1701.704641,1649.301615,1903.054229,2124.01943,1941.581898,1999.195372,2113.341525,2295.540335,2290.787379,2349.069882,2613.378893,2486.412194
Cameroon,700.1632362,706.9842175,780.2705532,976.5193035,1119.980862,1129.357979,1177.968605,1311.002964,1476.009079,1445.860249,1383.813865,1497.926585,1433.723928,1559.139049,1631.713985,1399.675336,1426.065481,1479.862222,1594.06011,1538.687912,1539.130545,1654.257037,1563.48894
"Congo, Dem. Rep.",392.6263338,148.4471235,168.9448053,167.9815754,187.856781,211.5726297,247.5419356,277.6120796,317.8892101,290.1556751,324.8277261,376.3749811,412.7762605,444.8643576,472.2662357,482.0645686,456.0279506,451.0890885,546.2125932,575.8827814,524.6666862,576.9747294,653.6562231
"Congo, Rep.",1029.960689,859.4400125,910.8697108,1023.088496,1314.411281,1810.588942,2116.868943,2219.912307,2848.653163,2283.949872,2962.762481,3415.062374,3753.860928,3719.651036,3623.80746,2455.34791,2107.503024,2227.720139,2715.243105,2508.944783,2011.269479,2540.473212,2649.225022
Colombia,2546.850214,2465.007012,2421.162104,2305.170507,2811.459451,3448.538323,3782.603496,4762.083068,5534.689447,5245.951584,6392.758026,7392.9436,8096.80151,8263.641929,8167.472842,6228.651622,5936.261022,6449.970987,6782.03792,6436.509215,5304.289129,6182.707099,6624.165393
Comoros,654.1804308,691.041978,761.9478882,959.2289876,1090.427169,1103.195417,1155.085675,1289.79485,1454.650909,1409.106673,1384.063284,1526.832638,1483.951559,1595.989819,1608.687875,1322.936775,1357.266229,1414.586689,1531.337811,1510.797323,1519.58678,1577.470841,1484.892465
Cabo Verde,1176.707258,1208.457609,1311.214581,1693.978552,1900.888465,1972.784926,2220.098175,3268.305696,3839.863636,3592.315879,3500.977468,3880.069205,3583.461725,3757.659953,3739.278279,3169.078901,3312.696745,3534.343575,3860.454808,3903.050317,3126.399859,3398.165376,3754.304794
Costa Rica,3773.033793,3941.598643,4021.425361,4123.506487,4376.080428,4643.45857,5188.361792,6055.086779,6841.91146,6737.860751,8147.243985,9137.455101,9971.651656,10633.26655,10737.67888,11529.95517,11899.81398,12118.13362,12383.14995,12669.34115,12179.25667,12604.04884,13365.3564
Caribbean small states,5249.445256,5369.247282,5595.375998,5939.335621,6453.849871,7249.387121,8193.45371,9053.713355,10223.19683,8592.666277,9271.400098,9967.736396,10464.82698,10560.26139,10730.90339,10484.86996,9805.586748,10101.69834,10378.90576,10405.80321,8846.494092,10174.38409,12639.70462
Cuba,2752.203783,2844.244437,3007.193074,3205.688398,3403.296163,3791.873006,4336.87333,4814.854876,4992.824494,5094.437562,5275.532601,6106.006792,6467.337914,6814.243844,7117.535735,7683.740254,8055.925868,8543.330067,8831.910409,9139.38051,9499.572504,10121.7093315953,10522.199441912293
Cayman Islands,-229.844969938191,7310.645031650772,15639.503781177304,20893.658839499716,30523.054810380825,48367.48609602565,87184.51214,89960.68373,89704.22361,81398.32263,76873.19428,75435.61422,75466.13655,75685.35737,76610.64846,77295.84529,78858.28026,81255.11246,85231.77425,89846.32122,83897.50544,88475.60047,99624.88544
Cyprus,14388.34766,14821.44727,16093.21484,20252.23828,23792.62109,24959.25977,26729.32422,31244.92578,35397.36328,32109.24219,31023.26758,32395.75391,28910.74609,27727.53516,27162.32227,23408.44141,24605.34961,26608.69531,29335.04688,29420.0,28281.42578,32745.84375,32048.24023
Czechia,6029.038193,6637.041657,8060.868703,9818.568493,11749.85266,13430.6699,15261.79759,18466.54793,22804.57768,19861.69743,19960.06849,21871.26608,19870.80121,20133.16914,19890.91991,17829.69832,18575.23203,20636.19995,23424.48046,23664.84786,22992.87938,26822.51419,27226.61564
Germany,23694.76048,23628.32721,25197.2656,30310.3576,34106.65812,34520.23965,36353.88033,41640.08087,45612.71062,41650.36783,41572.45595,46705.8958,43855.85447,46298.92292,48023.86998,41103.25644,42136.12079,44652.58917,47939.27829,46805.13843,46749.47623,51426.75037,48717.99114
Djibouti,742.8656972,747.7791229,749.0816325,771.3742316,813.8979436,852.8901883,907.8179438,980.0310324,1131.635726,1164.251683,1227.820853,1322.726251,1418.460858,2102.197948,2239.114538,2409.311902,2545.738799,2655.73322,2755.838293,2876.043664,2921.738706,3062.551482,3136.112768
Dominica,4879.149773,4991.764173,4881.138793,5016.088237,5354.799195,5304.126097,5677.051175,6126.849496,6661.465047,7109.978253,7182.400203,7288.497948,7054.875977,7240.679119,7502.12091,7724.042411,8223.04145,7408.091301,7833.195013,8561.587011,7003.469891,7668.158132,8351.193213
Denmark,30743.54768,30751.65435,33228.69354,40458.7774,46511.59833,48799.8256,52026.99951,58487.05497,64322.0635,58163.27688,58041.39844,61753.64713,58507.50805,61191.1937,62548.98473,53254.85637,54663.99837,57610.09818,61591.92887,59592.98069,60836.59241,69268.6518,67790.05399
Dominican Republic,2845.846553,2953.247844,3085.517811,2399.498091,2468.43679,3903.815207,4080.045739,4676.079051,5053.330285,5002.15317,5509.568034,5859.381524,6049.471587,6171.295127,6533.670911,6838.936746,7191.069703,7513.497982,7947.159331,8173.344699,7167.914974,8476.749639,10111.24571
Algeria,1780.376063,1754.582361,1794.811114,2117.048229,2624.795232,3131.32819,3500.134594,3971.803488,4946.564017,3898.478788,4495.921476,5473.281826,5610.733282,5519.777576,5516.22944,4197.419985,3967.200647,4134.936087,4171.790388,4021.983266,3354.153164,3700.314697,4342.637968
East Asia & Pacific (excluding high income),955.5730041,1007.182303,1104.863858,1239.931728,1425.996654,1638.497931,1957.902518,2456.497244,3085.009824,3320.357065,4012.172398,4863.69578,5376.652825,5881.992431,6292.357183,6500.07275,6592.555408,7151.338608,7944.814368,8172.023756,8262.990946,9813.002261,9954.276857
Early-demographic dividend,1376.474839,1341.120206,1281.869412,1400.995368,1601.383201,1834.302136,2062.451644,2401.724807,2665.453435,2527.253484,3015.332652,3274.592048,3375.021425,3373.558109,3440.554275,3227.845551,3278.241801,3498.575677,3493.678564,3521.644206,3242.515083,3727.933835,4104.085948
East Asia & Pacific,4090.205734,3769.366034,3796.963533,4142.70425,4610.316676,4882.171443,5136.277377,5697.906607,6523.257863,6664.918385,7726.909712,8893.522785,9436.836164,9468.669123,9695.923458,9586.061906,9856.581539,10454.52433,11312.90436,11484.41727,11487.31134,13138.72467,12930.69168
Europe & Central Asia (excluding high income),1788.405047,1766.924416,2024.520453,2552.669444,3380.645015,4272.29492,5231.248434,6719.059342,8294.111109,6468.612409,7790.257411,9624.482205,10211.12023,10762.52806,9914.029044,7486.327414,7075.874655,7900.555316,8025.155608,8153.193434,7477.878431,8912.814076,10379.77294
Europe & Central Asia,11666.7625,11770.0946,12864.99675,15598.21344,18127.11536,19224.01045,20748.23554,24164.77255,26486.3676,23197.37733,23635.81009,26146.8901,25096.86442,26100.94614,26348.26949,22588.58857,22411.24208,23688.05766,25276.81944,24892.39355,24021.79603,27420.81343,27536.81293
Ecuador,1451.530885,1904.81367,2184.209244,2438.343684,2703.565671,3014.310009,3340.840903,3579.032244,4260.433184,4240.702593,4640.246344,5202.656459,5678.455721,6050.354611,6374.631486,6130.586676,6079.088736,6246.404252,6321.349401,6233.258167,5645.19929,5965.132871,6391.282484
"Egypt, Arab Rep.",1398.859831,1327.096518,1144.532398,1056.937209,1016.253884,1133.105461,1332.33941,1586.472921,1941.899973,2212.218148,2509.772034,2645.622535,3059.135428,3088.890834,3196.861381,3370.382447,3331.612461,2439.967284,2531.200079,3017.258336,3571.556907,3886.722498,4295.407496
Euro area,20005.4377,20251.30728,22002.82943,26945.25391,30728.99604,31669.98636,33508.19132,38396.2686,42016.47449,38272.74333,37303.16163,40329.09106,37290.42689,38805.90558,39593.96215,34117.72416,34888.74169,36877.96222,39753.12491,38902.82478,37914.8578,42527.84271,40787.5643
Spain,14749.68742,15369.00116,17106.68658,21510.83625,24907.00085,26429.15094,28389.07858,32591.35031,35510.72223,32169.50285,30532.48051,31677.90031,28322.94659,29077.18206,29513.65118,25754.36103,26537.15949,28185.32137,30379.72111,29581.51855,26984.29628,30488.82095,29674.54429
Estonia,4070.609024,4505.858332,5341.628947,7203.523038,8914.103557,10412.64431,12639.40007,16744.58445,18204.96648,14711.73527,14663.04461,17487.80478,17403.20533,19056.00192,20261.06673,17402.03761,18295.34293,20437.76538,23165.84948,23424.48471,23595.24368,27943.70122,28247.09599
Ethiopia,122.9616597,119.2618573,110.4608747,117.8601647,134.5424863,160.0767918,191.7512925,240.347972,320.8610897,373.8939587,335.4384953,348.0013483,458.5509208,490.7924784,557.5341484,630.3126194,705.6175085,755.7526443,758.2976945,840.4496013,918.6525941,925.0006976,1027.585911
European Union,16947.75559,17198.04222,18759.69802,22967.93241,26307.19803,27341.73086,29089.71015,33587.35453,37044.03814,33480.55364,32965.58296,35767.08274,33169.1181,34564.58255,35282.0273,30487.15617,31174.03387,33090.6344,35751.57258,35079.5343,34356.57462,38721.07794,37433.27845
Fragile and conflict affected situations,862.3774539,838.2858204,804.5110767,825.8508095,1013.492076,1243.407163,1504.994518,1792.331015,2220.917223,2002.368231,2315.19272,2118.066951,2310.811136,2338.7183,2428.073361,1890.48128,1742.893121,1805.793771,1852.318463,1919.783251,1700.985671,1779.313291,1870.337198
Finland,24345.91482,24967.79252,26997.75299,32927.68029,37772.17811,39054.85044,41222.602,48476.39273,53772.79424,47481.48454,46505.30318,51148.93164,47708.06128,49892.22336,50327.24029,42801.90812,43814.02651,46412.13648,49987.62616,48629.85823,49169.71934,53504.69365,50871.93045
Fiji,2015.857496,1964.130204,2157.076596,2680.270749,3124.607389,3406.475592,3483.597185,3793.097385,3928.921739,3184.689123,3469.149643,4160.721193,4359.7924,4586.955211,5305.064432,5105.189612,5368.433492,5825.199665,6073.394579,5927.724208,4815.689148,4656.051341,5356.164396
France,22416.42542,22449.33969,24288.27002,29627.92426,33797.16244,34768.1759,36470.21284,41557.62356,45515.96175,41737.76355,40676.06479,43846.46608,40870.85236,42602.71797,43068.54872,36652.92231,37062.53357,38781.04949,41557.85486,40494.89829,39179.74426,43671.30841,40886.25327
Faroe Islands,23370.77378,25089.59265,27238.02553,31691.88008,35940.96086,36440.3222,41762.68985,48365.73506,51431.9731,47410.95563,48167.66751,51786.48099,50157.05879,55560.13303,60126.12564,52726.68738,56833.91654,59328.23766,62576.80164,63203.74478,62234.96868,69108.20658,66979.27732
"Micronesia, Fed. Sts.",2088.209544,2152.52528,2165.48682,2195.187156,2155.78169,2256.011357,2298.636458,2344.403462,2420.749006,2598.403604,2760.01134,2885.441249,3023.585446,2920.700863,2928.448782,2891.322103,3022.653627,3320.354976,3623.329337,3734.994927,3639.412699,3588.759933,3713.955362
Gabon,3991.157151,3844.561349,3976.646796,4724.254798,5483.144575,6570.963265,6873.453983,8036.919956,9732.226533,7325.909513,8399.597348,10273.79844,9348.514876,9250.081115,9255.368035,7090.454634,6722.198223,6975.695192,7694.906051,7523.862281,6680.082665,8635.797144,8820.347337
United Kingdom,28280.92679,27906.5695,30077.74143,34442.68754,40366.88867,42104.78844,44512.45903,50397.6855,47396.12021,38744.13169,39598.95712,42109.64188,42497.3405,43426.29814,47439.61659,44964.39114,40985.23514,40572.12148,43203.81411,42662.53537,40217.00901,46869.75906,46125.25575
Georgia,749.908535,801.9838371,853.5261719,1010.031516,1305.047486,1642.783594,1996.020133,2635.366503,3324.753721,2822.689397,3233.219752,4021.75523,4421.930712,4623.884714,4739.276913,4014.111651,4062.126978,4356.928016,4722.042423,4696.150586,4255.742993,5023.274384,6674.95696
Ghana,253.3802932,263.1701414,297.0469704,357.8479826,405.4249018,477.6010928,904.1695278,1047.199428,1178.955877,1044.004989,1258.964197,1501.059171,1536.619635,2282.407501,1942.921869,1711.271317,1900.397674,1998.722666,2180.029684,2167.92544,2176.576218,2422.085913,2203.558935
Guinea,359.28667,335.0142929,343.9345943,392.8798442,405.6960598,321.3386333,452.2761597,657.9934738,712.0994161,670.2612536,667.2816019,644.5025487,707.9676782,757.6922726,774.5690396,756.4255898,720.4732552,843.4642792,944.4172687,1043.899886,1073.659339,1189.175999,1515.167948
"Gambia, The",544.6209611,464.6396362,379.8624179,310.9570684,596.6292865,618.9598135,615.9739283,725.0922849,857.8582399,772.1249338,796.6318292,705.4774953,686.5575577,647.3855346,561.6496346,611.6712191,640.6762653,632.0010242,683.3246328,722.8753563,704.0304628,772.1514505,808.2782815
Guinea-Bissau,301.495571,312.2535665,324.9699,362.9061593,394.995798,425.4718887,418.902079,480.4386022,583.2683059,543.5624692,542.2841012,683.534476,598.5726262,616.1599287,605.1225465,585.9570126,642.6663901,718.2457378,781.6443676,730.6114323,710.258133,795.118605,775.8289657
Equatorial Guinea,1527.056378,2031.419386,2395.845119,3146.518575,5337.614389,9502.858816,11140.19017,13776.90333,19849.71777,14398.77049,14905.51458,18659.41602,18756.42503,17644.5943,16804.92493,9788.983804,8035.307666,8410.39798,8719.18687,7317.390024,6198.942524,7406.084975,7182.265382
Greece,12072.92936,12549.03689,14177.57216,18518.37884,21995.47794,22560.14729,24821.93675,28863.97329,32127.98319,29828.75602,26716.64883,25483.88256,21912.99829,21787.78776,21616.71001,18083.87791,17923.96681,18582.08934,19756.99046,19143.88762,17617.29151,20310.68248,20867.26909
Grenada,4840.684064,4821.784995,4992.441407,5435.151806,5470.603315,6308.665042,6295.281172,6790.63408,7343.44527,6810.440318,6760.974884,6775.749278,6900.765076,7205.254765,7726.378262,8379.621847,8849.513535,9309.261296,9574.310271,9887.920742,8437.536782,9010.5128,9689.0827
Greenland,19004.00384,19275.43397,20652.8417,27459.87533,32023.68205,32489.72773,35458.2543,39780.94414,44366.78587,44918.84138,43988.52803,47186.876,45936.95628,47535.48838,50485.22441,44536.35497,48181.74535,50765.74947,54545.13586,53309.20359,54693.07668,57116.29577,48478.75550380589
Guatemala,1664.307748,1550.361747,1682.994501,1737.879287,1859.099299,2068.488206,2251.078784,2490.747828,2802.451582,2651.831744,2852.557593,3228.038278,3355.034777,3522.767429,3779.626205,3994.629085,4173.281349,4454.024509,4485.752135,4647.807541,4609.897258,5029.477555,5473.208564
Guam,19311.442723203796,20161.953722437327,20878.05958,21844.11054,23590.88803,25621.84516,25735.5397,26686.81682,28277.43208,29335.27768,30011.21858,30087.71559,31642.14626,32318.8909,33483.94144,34522.37793,35052.80791,35663.02504,35902.7259,37752.63308,34780.86166,35904.86355,37175.35781634247
Guyana,938.893298,937.2979922,955.0302105,976.9932633,1036.019877,1085.784887,3138.082209,3609.908509,4011.386904,4213.816229,4589.872498,4960.004726,5461.390085,5576.250215,5495.377084,5668.429765,5905.380196,6220.978568,6094.909837,6477.296726,6863.074346,9994.645704,18199.47484
High income,25190.73706,24791.189,25689.02574,28617.31024,31667.14068,33272.17819,34885.34924,37889.29521,40039.58923,37223.1862,38768.18771,41688.73484,41480.86415,41752.36192,42412.12972,39811.48018,40428.17938,42077.843,44528.16874,44725.99509,43457.69824,48535.46582,49607.24655
"Hong Kong SAR, China",25756.77287,25230.37809,24665.83623,23977.17341,24928.10037,26649.63772,28224.09516,30593.95117,31515.52921,30697.53839,32550.13649,35142.48793,36730.7962,38403.77771,40315.37395,42432.16197,43734.19807,46160.42979,48537.56689,48359.0012,46109.22999,49764.79312,48983.62172
Honduras,1079.605666,1118.940894,1119.424273,1142.81135,1201.247505,1289.823114,1409.579748,1559.886044,1713.418164,1762.34916,1874.271704,2053.959695,2107.345428,2064.550536,2164.42455,2257.225284,2295.53627,2403.306088,2457.686042,2519.366185,2354.121434,2771.722654,3040.173046
Heavily indebted poor countries (HIPC),373.8131453,353.7120701,371.681437,408.3828821,456.9108712,509.5786588,584.786538,681.8547199,788.8859594,776.7430431,833.650589,908.5080264,914.7282964,988.6051407,1021.156448,963.3180678,981.8316422,1055.404207,977.2375305,985.1304866,968.4658813,1047.075198,1109.014261
Croatia,4952.377753,5364.010241,6219.473213,8192.322633,9723.381024,10446.36149,11505.39984,13762.45626,15898.7999,14421.17148,13693.50003,14655.87439,13439.66456,13979.18556,14001.16034,12098.51203,12579.9227,13592.25452,15040.03692,15120.9029,14269.90885,17809.03239,18570.404
Haiti,814.9979197,743.9112731,716.482616,575.5568301,679.2800543,771.5350027,824.3580519,979.5996409,1089.576355,1191.802935,1204.862055,1306.845319,1356.172777,1452.313548,1454.649175,1405.714786,1313.186095,1389.358623,1489.578406,1345.475055,1283.141228,1823.742224,1748.257132
Hungary,4624.281657,5276.033189,6655.333009,8419.430871,10301.70339,11223.3993,11489.56087,13940.90928,15772.33008,13077.30547,13217.5046,14234.47158,12984.83657,13715.07036,14294.25842,12717.0386,13104.69955,14621.2396,16425.20503,16786.21364,16125.60941,18753.04695,18390.185
IBRD only,1475.668745,1477.642348,1482.761829,1647.159303,1940.61279,2294.135839,2692.21142,3309.984573,3930.831825,3772.612352,4541.138234,5320.923001,5596.079933,5839.26074,5971.514742,5536.382163,5523.361421,6043.460397,6373.970462,6460.501165,6177.526395,7284.449127,7682.790889
IDA & IBRD total,1265.392423,1262.195382,1269.117803,1405.000707,1647.936588,1938.081815,2268.253908,2766.525215,3273.575645,3137.027148,3747.609751,4325.484605,4533.253828,4727.351759,4836.871657,4486.333989,4463.080644,4847.680982,5084.854052,5140.641855,4901.569304,5718.690003,6007.370761
IDA total,514.2586712,502.2820996,526.2229303,574.0776871,656.3234043,746.8130275,868.6043181,995.7924382,1159.634162,1119.202366,1262.434938,1248.549361,1286.776555,1367.051475,1443.622873,1379.210602,1362.461982,1395.049931,1412.711942,1434.100097,1373.087617,1461.411109,1534.023093
IDA blend,603.7203389,586.6774852,629.0958894,692.3150524,820.2159478,948.866761,1150.615977,1303.57146,1492.799641,1357.036969,1553.523173,1734.112395,1885.398591,2008.21296,2135.840663,1987.567534,1820.08119,1753.270831,1877.776724,1876.654806,1722.41777,1844.32001,1933.556473
Indonesia,770.8653516,739.0039465,888.9013897,1052.413199,1136.755211,1249.397694,1572.79794,1840.329927,2144.389544,2239.095265,3094.443079,3613.800888,3668.212083,3602.885517,3476.624854,3322.581679,3558.818852,3839.785075,3902.661676,4151.227554,3895.618152,4334.215983,4787.999308
IDA only,470.7684644,461.1594672,475.6079154,515.8532969,574.9743636,646.2533121,727.5069907,841.9637818,993.2246814,1000.545387,1116.706559,1003.969986,984.9982971,1043.980982,1095.156168,1073.597435,1133.380809,1216.338371,1181.353141,1214.582592,1200.249071,1272.350348,1337.013175
Isle of Man,20693.83817,21716.94604,25230.07556,29877.95876,35872.72612,38184.33783,42662.60285,55072.17799,72304.9475,66175.22758,70625.16854,77838.39693,79326.383,83204.74717,91881.12836,84753.45673,82041.62105,83510.30375,89425.89139,87152.45302,79530.60548,90032.8549274941,84511.50908901203
India,442.0347789,449.9111249,468.8444283,543.8437989,624.1050944,710.5093448,802.013742,1022.732467,993.5034053,1096.636136,1350.63447,1449.603301,1434.017987,1438.057005,1559.863779,1590.174331,1714.279537,1957.969813,1974.377731,2050.1638,1913.219733,2238.127142,2410.888021
Ireland,26334.56721,28282.40988,32705.43456,41203.52958,47754.20232,50933.02161,54329.16186,61396.41746,61353.10656,52133.09062,48663.60044,52219.70573,48943.82065,51496.96169,55752.76498,62179.26427,62784.06569,70150.73702,79446.93911,80848.3019,85973.08849,102001.7982,103983.2913
"Iran, Islamic Rep.",1672.022876,1902.947639,1910.477134,2259.51632,2751.793042,3226.613971,3736.177793,4838.003556,5623.911681,5602.556282,6458.573956,8201.581678,8329.002067,6280.681867,5757.543333,4990.936795,5497.243233,5758.590728,3850.751253,3276.753265,2746.419483,4084.200305,4669.57138
Iraq,1963.722839,1422.831339,1254.162045,809.845684,1314.762559,1740.66833,2253.547113,3099.59197,4504.508094,3686.402133,4430.426242,5736.898959,6437.503076,6612.902252,6215.986033,4416.942924,4305.202702,4725.193573,5601.467061,5621.181695,4251.337253,4770.835343,5937.195466
Iceland,32096.37226,28897.44394,32409.21615,39476.69785,47334.93065,56794.85016,57492.93425,69495.72674,56943.37045,41301.27322,43237.07295,47714.59223,45995.54788,49804.983,54576.74481,52951.68151,61987.92636,72010.14903,74452.18907,68452.23622,58848.41812,68710.2442,73466.77867
Israel,21630.74761,20909.43036,19035.10241,19627.17549,20557.07863,21223.93559,22494.64209,25633.64322,30173.36159,28317.04084,31266.60532,34354.71612,33156.22832,36941.84236,38259.6811,36206.52222,37690.47395,41114.78171,42406.84543,44452.23256,44846.7916,52129.51596,54930.93881
Italy,20137.59122,20500.9544,22376.2979,27526.32246,31317.20079,32055.09208,33529.7266,37870.74751,40944.91242,37226.75719,36035.645,38649.63948,35051.52127,35560.08141,35565.72138,30242.38614,30960.73151,32406.72032,34622.16967,33673.75096,31922.91916,36449.25834,34776.42323
Jamaica,3447.303896,3502.213118,3683.893338,3557.200591,3819.284231,4200.388954,4435.571444,4738.449778,5056.258036,4452.120799,4835.791087,5259.931753,5365.242172,5143.722183,4991.561532,5077.550984,5022.700192,5273.149027,5594.493573,5626.170473,4897.26475,5183.581018,6047.216457
Jordan,1673.358125,1738.383838,1816.406493,1889.437839,2062.69597,2216.945182,2478.291944,2643.168439,3416.123901,3618.892617,3914.701231,4152.493981,4386.461819,4477.618321,4255.894302,4064.25301,4003.404746,4073.116403,4146.407311,4159.653754,3998.673138,4152.757954,4311.000046
Japan,39169.35957,34406.18246,32820.79364,35387.03742,38298.98017,37812.89502,35991.546,35779.02454,39876.30397,41308.99684,44968.15623,48760.07895,49145.28043,40898.6479,38475.39525,34960.63938,39375.47316,38834.05293,39751.1331,40415.95676,40040.76551,40058.53733,34017.27181
Kazakhstan,1229.000961,1490.926755,1658.031142,2068.123523,2874.288483,3771.278957,5291.574004,6771.41662,8458.019475,7165.224778,9070.488253,11633.99858,12386.69927,13890.63397,12807.26305,10510.77032,7714.841844,9247.580679,9812.625431,9812.595526,9121.636409,10373.78979,11492.03194
Kenya,411.8213521,408.3606087,401.0923701,441.3914117,462.6182158,522.7768402,699.3997383,840.1916319,915.9989157,1049.121794,1093.639624,1099.315465,1289.780791,1376.829205,1489.919721,1496.653573,1562.076619,1675.988422,1845.783414,1970.08007,1936.250755,2069.661129,2099.301938
Kyrgyz Republic,279.6195693,308.4096116,321.7270332,380.5064324,433.2349766,476.551886,543.1107024,721.7695225,966.3938386,871.2242269,880.0385218,1123.883144,1177.975261,1282.438248,1279.770784,1121.082696,1120.667058,1242.77022,1308.139785,1451.515638,1256.929226,1365.508304,1655.072698
Cambodia,301.5165985,322.8998639,341.0367658,364.2753017,410.0861329,475.0693943,539.7473654,629.9210766,742.3979723,734.8151187,782.6957386,880.3103044,950.4825446,1015.220881,1098.074538,1170.742816,1281.105971,1400.899265,1533.315985,1671.3854,1577.91174,1625.235021,1759.608023
Kiribati,757.13329,696.9977315,781.3626516,956.8305818,1063.878584,1142.33585,1101.4576,1300.759342,1356.647491,1249.302232,1438.081413,1644.407553,1698.919124,1628.642594,1546.881768,1459.143983,1506.231003,1566.447136,1607.229825,1410.014643,1403.993853,1766.144289,1701.970665
St. Kitts and Nevis,9275.989746,9973.553451,10398.52528,10119.74478,10882.35294,11711.15471,13747.80934,14660.96321,16491.88509,16374.25689,16427.62101,17571.98446,17293.80605,18315.91468,19945.31517,20025.65235,21079.52097,22148.51243,22533.88205,23204.97056,18553.65714,18035.38614,20262.26714
"Korea, Rep.",12257.02066,11561.20717,13165.08362,14672.80575,16496.13162,19402.50263,21743.47745,24086.41044,21350.42798,19143.85161,23079.26013,25097.59543,25459.1689,27179.51701,29252.93124,28737.43917,29280.44032,31600.73587,33447.15628,31902.4169,31721.29891,35142.26427,32422.57449
Kuwait,19493.88805,17517.70615,18626.77492,22781.08282,27601.40006,36144.99495,42970.69645,45729.79934,55595.48431,37906.20519,39212.57941,49010.3105,51271.06776,47762.7967,43239.83518,29315.19851,27026.68766,29258.26633,32012.18752,30666.23713,24297.7108,32324.8409,41079.5227
Latin America & Caribbean (excluding high income),4277.234871,4112.631623,3653.398322,3681.472781,4140.534174,4942.703289,5694.990405,6646.140745,7594.321173,6964.380097,8616.309422,9945.024681,9792.188957,9937.196527,9870.617654,8301.026794,7972.032188,8788.350268,8446.592322,8246.516673,6889.469861,7873.980782,8971.780372
Lao PDR,318.7709228,320.4190111,313.6184405,355.6514836,410.251319,467.3795927,581.0102436,699.0413761,887.6397349,936.7903214,1127.835236,1363.72529,1566.009745,1815.440238,1984.50867,2125.459057,2309.049076,2439.463355,2553.361866,2598.505523,2593.355097,2535.623434,2054.430781
Lebanon,3994.861144,4021.177263,4307.100827,4458.10858,4625.304247,4630.009214,4665.962801,5162.032959,5957.696754,7149.791498,7695.245415,7914.109568,8500.180563,8255.209211,7665.379692,7802.751368,8172.299476,8679.897422,9225.845155,8925.42186,5599.957523,4136.146575,3083.8269753290433
Liberia,301.8764697,303.8588056,302.8818868,242.4499372,287.2746919,290.5412149,323.8412258,377.9516288,456.1446999,452.7452289,497.0203654,573.5264222,644.4555767,717.6357533,713.7348824,699.6629469,722.1312268,706.892692,700.0370394,665.8784476,597.5296919,675.6631858,754.5328429
Libya,7424.353472,6465.622203,3789.20527,4738.828475,5823.637943,8108.052608,10060.36104,11158.11227,13921.89923,9560.803808,11611.3586,7784.133214,15765.41979,12589.52971,9408.752546,7867.515731,7945.00605,10529.11627,11838.29871,10542.42902,7034.658364,5908.951323,6716.095985
St. Lucia,5846.975502,5558.069371,5562.457123,6055.967957,6494.600349,6866.092387,7618.90542,7975.792541,8528.682085,8259.322338,8672.215668,9110.75181,9231.576254,9542.713574,10007.14451,10290.37157,10574.38658,11270.47471,11563.83043,11773.42748,8951.524766,10916.22708,13030.92848
Latin America & Caribbean,4463.777455,4318.037793,3830.806154,3852.8887,4374.332619,5214.197325,6028.742891,7015.103332,8055.565992,7478.716444,9164.566397,10306.43066,10311.90706,10450.94094,10539.37441,8723.135457,8421.148077,9255.805976,8977.992553,8772.562194,7393.174719,8478.633406,9559.213456
Least developed countries: UN classification,332.9561611,314.7299495,334.6959248,368.4568407,412.4471413,475.1875694,539.5177103,635.0847101,761.6288665,748.521923,835.6930128,937.5833583,956.4768898,1009.86148,1062.531176,1002.970342,1022.792763,1115.002972,1066.106183,1098.256155,1081.352515,1151.571315,1266.643763
Low income,488.2710455,475.1531003,496.8090126,526.0221731,600.2310246,698.1465901,783.2779039,915.1559765,1066.141857,1064.122252,1162.969035,822.3298136,759.4259486,755.0112856,793.5720531,774.2476474,747.3186242,804.8735205,662.8558069,686.2226791,656.6866746,678.65321,750.4669425
Liechtenstein,75210.13318,74658.45394,79797.54689,90317.73681,100710.6063,105751.4989,114652.2424,130908.3897,143540.5734,126261.3973,141466.8273,158603.609,149461.7856,173659.4118,179467.5162,167809.2699,165845.9952,170875.6821,175286.679,167259.1603,165287.1868,197504.5489,203051.5560676445
Sri Lanka,869.7534886,832.4273196,865.3021391,978.1686456,1060.136943,1240.518312,1423.190621,1611.175587,2007.026655,2053.766451,2836.974109,3248.04021,3351.892476,3643.832447,3885.623616,3990.353117,4107.829775,4388.201906,4360.584735,4082.694049,3852.389091,3996.571995,3354.383408
Lower middle income,609.6294547,614.2887057,635.1853107,713.4742967,818.0297285,936.5432248,1081.56784,1313.168919,1456.611718,1445.002635,1702.703066,1912.065826,1982.964483,1991.813175,2062.51992,1979.555371,2037.725326,2159.48629,2179.954062,2238.51882,2123.350264,2405.603576,2561.457576
Low & middle income,1198.005648,1191.830888,1204.119498,1336.434195,1562.451005,1832.74199,2144.010709,2611.951566,3081.89531,2971.125974,3566.881094,4148.799232,4355.482215,4547.879824,4640.414993,4342.595213,4320.050193,4688.840218,4908.171921,4966.26046,4735.357322,5526.296135,5811.430475
Lesotho,443.9499497,412.9622962,388.3674764,580.9372838,761.1810388,850.7753155,910.6185634,848.0773719,885.6593032,866.4751272,1104.811547,1265.857945,1205.859985,1141.360923,1165.05065,1113.836835,994.2397641,1062.456192,1162.978854,1061.223356,917.3563813,1029.506189,969.9357602
Late-demographic dividend,1666.767947,1710.590116,1801.197227,2039.119881,2435.127805,2918.734764,3499.414508,4379.956182,5409.69615,5193.547733,6214.135223,7525.550318,7991.471281,8544.801775,8812.628633,8213.980431,8182.344735,9022.30189,9840.394631,9979.383421,9722.310421,11556.48646,12072.76719
Lithuania,3293.229979,3525.793632,4141.592702,5499.428989,6700.327192,7854.765279,9230.707981,12285.44705,14944.99665,11820.77616,11987.50841,14376.94786,14367.70942,15729.65247,16551.0182,14263.96458,15008.31324,16885.40739,19186.35959,19615.54915,20381.85578,23849.6157,25064.80891
Luxembourg,48659.59888,48440.14202,53005.73392,65689.32145,76544.91709,80988.13762,90788.80049,107475.3203,120422.1379,109419.747,110885.9914,119025.0572,112584.6763,120000.1407,123678.7021,105462.0126,106899.2935,110193.2138,116786.5117,112726.4397,116905.3704,133711.7944,125006.0218
Latvia,3361.640869,3578.0019,4136.933297,5145.195232,6378.666521,7594.902384,9723.446902,14113.52913,16467.14369,12331.92855,11420.994,13338.96224,13847.33794,15007.49186,15742.39134,13786.4568,14331.75159,15695.11515,17865.03109,17883.34941,18096.20271,20930.39824,21779.50426
"Macao SAR, China",15684.77955,15622.70305,16393.74373,17828.95397,22381.92319,24886.58059,29637.76706,35782.86072,39745.7618,39754.97615,50676.38708,64528.36282,74111.60119,86853.47705,90873.60249,73220.63556,71919.05492,78896.27475,84779.45369,82998.6361,37474.73459,45104.89218,34584.85909
Morocco,1492.377075,1500.363403,1590.487305,1936.09021,2177.798828,2237.576172,2433.212646,2751.423584,3180.170654,3118.141602,3067.851807,3302.453125,3164.004639,3377.643555,3430.534424,3139.228271,3132.952148,3288.502686,3492.672607,3498.582764,3258.269043,3767.524902,3441.991455
Monaco,81763.82767,82410.4005,90151.5464,111309.8697,125435.8943,130818.9819,143289.0729,184639.7501,204097.114,168957.1079,161780.7454,179369.2682,165497.0978,185055.5176,195772.7243,170338.6804,174412.4945,173611.6879,193968.0901,199382.8386,182537.3874,235132.7842,240862.1824
Moldova,440.538684,507.4040763,570.7998662,682.319096,897.1784947,1034.391977,1183.024814,1531.216186,2110.553054,1898.439757,2436.799351,2941.362241,3044.808432,3321.043978,3289.167846,2749.913038,2847.635069,3454.95469,4156.9575,4404.950422,4376.242493,5274.744847,5714.430488
Madagascar,285.4664632,325.4603011,310.9297109,359.5343847,277.5078266,311.7931266,330.52267,427.8363292,522.830622,455.4073738,459.375408,516.9025393,504.1737377,526.6880196,517.1361831,455.6380346,464.6161584,503.4980587,512.5439915,512.2796656,462.4042288,503.3520812,516.592616
Maldives,2209.988231,3028.05083,3069.039872,3539.801552,4060.534413,3789.232014,5010.163425,5746.644254,6743.130963,6719.330268,7158.061421,7409.331903,7447.415605,8222.558036,8872.128379,9480.431514,9708.141348,10194.74615,11034.7236,11349.85926,7216.816371,10076.31753,11780.81691
Middle East & North Africa,3283.756264,3202.246523,3127.673078,3405.86244,3940.421569,4636.539283,5308.196613,6119.525493,7442.685879,6567.656796,7524.725208,8320.32302,8794.729803,8471.775586,8345.566904,7217.651624,7158.049769,7337.213549,7565.281634,7444.855634,6579.706726,7696.006608,8973.862585
Mexico,7581.845641,8009.15834,8032.992121,7473.932375,7883.523191,8702.114481,9545.286725,10178.44224,10589.95187,8495.653081,9823.164076,10766.60994,10842.73309,11317.49106,11490.02169,10098.17318,9152.737223,9693.330091,10130.3207,10434.57837,8894.89065,10359.14986,11496.52287
Marshall Islands,2127.240705,2257.2547,2417.392102,2411.291359,2442.079544,2533.564606,2633.2866,2773.418705,2712.373644,2810.533092,3001.319829,3238.887316,3445.315403,3611.699642,3672.680934,3703.649059,4153.117176,4507.622862,4771.359204,5186.833842,5545.600267,6130.437137,6225.179222
Middle income,1257.816847,1252.931165,1265.64256,1407.966174,1648.653644,1936.050766,2269.892503,2771.469964,3274.573825,3156.762215,3803.998412,4478.614654,4716.812531,4933.771524,5036.885976,4715.505443,4698.955699,5107.250279,5372.268908,5442.662294,5197.802353,6085.764133,6407.498324
North Macedonia,1861.898998,1823.022677,1989.135373,2440.47883,2795.897393,3072.679632,3362.970693,4079.390404,4841.25366,4584.712431,4577.689543,5098.094701,4728.313079,5241.053601,5495.73138,4861.55616,5149.586764,5450.497069,6108.73917,6070.388054,5965.450232,6778.562878,6591.471314
Mali,263.4983842,299.4121753,326.9666591,381.9485463,427.71732,473.9950468,506.9118387,579.2571409,676.1270011,680.6499586,688.3278659,810.182556,753.3921375,778.7970528,818.4303414,723.5042049,750.0518091,795.6828016,856.3565966,840.1757464,822.9061368,881.5100887,833.2972551
Malta,10432.32806,10402.23333,11289.88974,13669.49722,15197.05661,15888.17246,16723.88427,19485.87115,22205.35677,21083.27705,21798.91429,23155.10353,22526.53702,24769.59623,26753.27338,24921.71418,25623.94163,28813.18534,31785.88483,31727.00707,29597.63616,34881.29127,34127.51056
Myanmar,195.5509957,140.7761639,145.8175339,223.0637759,223.229847,251.170357,301.5819139,416.6004322,653.8660002,752.9440359,1003.033455,1204.496472,1193.547649,1189.964765,1281.438718,1159.340201,1218.217034,1263.285263,1288.418087,1415.379676,1479.613689,1231.694666,1149.211218
Middle East & North Africa (excluding high income),1888.706845,1873.013206,1791.964066,1925.031265,2241.503069,2591.842325,2963.387623,3543.293269,4287.857271,4094.738061,4624.872345,4678.504037,4953.99147,4470.139956,4317.813304,3805.679938,3832.820485,3771.398833,3518.886053,3475.858429,3120.088264,3590.643853,3998.585763
Montenegro,1627.065119,1909.598702,2106.635068,2789.159065,3380.165121,3674.617924,4425.678873,5976.394145,7367.751909,6727.107767,6688.402596,7328.789431,6586.399703,7188.863616,7387.872969,6517.192675,7033.439624,7803.358245,8850.374925,8909.653876,7677.371321,9465.96153,10093.4387
Mongolia,463.8538819,512.81947,559.827709,633.9465596,784.912072,986.0180408,1322.640675,1625.318474,2134.949832,1718.914022,2660.288175,3793.743655,4402.304523,4422.300876,4211.939436,3919.351213,3690.756778,3708.248221,4165.022821,4394.94715,4041.174146,4566.14013,5045.5047
Northern Mariana Islands,19456.987348723356,18247.915471573964,16640.31518,16603.46006,16829.3972,15371.2423,14986.37602,14877.08168,15641.65778,13933.67919,14772.49616,13880.4265,14247.7893,14806.00679,16044.43073,17665.10075,24054.91561,30751.64107,25862.75445,23687.27185,17302.92214,11900.072020830972,6522.835456491292
Mozambique,333.7751383,310.0950625,318.3089925,343.1287471,403.0207131,438.7934727,458.615152,508.0448956,591.4398376,546.6007325,494.584022,615.2786598,681.4921286,681.0651142,690.4432181,603.8385138,435.760991,464.2947213,510.3799965,512.2157638,456.581929,504.0377871,558.2986064
Mauritania,660.3038611,632.2141418,629.7819017,711.3824822,801.7786831,974.6575859,1272.082434,1378.215104,1610.236979,1418.940843,1646.130428,1919.452271,1850.384968,1929.775639,1715.388838,1562.726836,1579.200717,1634.642158,1749.954236,1800.875187,1836.292411,1998.394003,2065.155516
Mauritius,3929.081782,3856.630788,4018.948897,4793.722474,5388.062453,5282.900111,5695.975255,6574.663576,8030.052281,7318.12641,8000.376432,9197.042991,9291.236276,9764.644131,10366.35508,9507.871337,9965.725311,10841.68478,11643.4606,11403.25279,9011.042884,9068.980181,10256.23031
Malawi,225.9524567,217.2404733,431.696661,386.317242,407.58899,417.1022634,443.5236757,478.0280765,557.5190094,630.1091541,688.1391912,769.0525992,563.0615397,501.197173,534.1269771,544.2768727,454.4432661,500.1655472,537.9322041,584.3628673,622.1845913,633.6097332,645.1586921
Malaysia,4087.562593,3941.122666,4177.104942,4454.526764,4924.338111,5536.837483,6137.15054,7144.00024,8343.303382,7167.877194,8880.145805,10209.37194,10601.51046,10727.66902,11045.58012,9699.600463,9555.669593,9979.704473,11073.97897,11132.10274,10164.34443,11134.62295,11993.18761
North America,35151.3296,35831.37937,36651.82911,38395.22158,40788.09354,43368.25243,45741.03259,47727.48204,48398.10295,46581.28354,48552.94241,50289.0244,51881.17089,53234.1501,54714.47093,55452.42138,56312.43488,58423.88588,61174.77734,63203.37389,61483.00075,68399.10275,74160.99677
Namibia,2156.090245,1916.255862,1773.431554,2571.982397,3407.850648,3692.752603,4027.961706,4394.517341,4222.326189,4322.629266,5445.420063,5873.059381,6017.178365,5463.031366,5544.104068,4965.672765,4614.892075,5453.570623,5687.381043,5126.176143,4252.04172,4919.188955,5031.11503
New Caledonia,16039.16917,15174.27846,16885.89439,21817.31512,25770.53105,26861.69854,29604.05255,36864.8576,37353.73743,35391.08803,37494.8952,40697.65286,37294.02285,38503.25406,39675.56648,32428.57223,32286.9105,33876.32909,36495.19594,34934.57943,34877.63563,37247.49312,35745.18505
Niger,192.8777258,203.5264889,223.3523929,263.0912318,281.3253602,316.3656476,331.103768,384.7183455,472.1784274,458.4218902,471.612688,507.6024953,525.0472849,548.1578488,560.7544752,481.1113011,497.0361208,514.543398,568.5996597,549.8161278,564.8416623,590.6294948,585.4049292
Nigeria,563.0470862,583.0858388,733.5378887,786.8022148,992.7453991,1250.406913,1652.154002,1876.413033,2227.790349,1883.887783,2280.111289,2504.879101,2728.022788,2976.756832,3200.952799,2679.554223,2144.780344,1941.879479,2125.834491,2334.023643,2074.613747,2065.77441,2162.633734
Nicaragua,996.897852,1025.10851,993.3841143,999.885954,1075.998562,1158.88129,1223.083148,1323.839065,1493.904853,1438.096616,1495.733754,1644.801481,1746.421254,1794.789188,1913.521348,2025.321432,2079.451027,2127.282818,1981.858367,1905.638328,1876.607378,2064.929246,2255.425995
Netherlands,26214.49855,26896.54811,29343.245,35750.97466,40436.61823,41994.71353,44900.93814,51799.20855,57879.94376,52722.21306,50999.74512,54230.3129,50070.1416,52198.89756,52900.53742,45193.40322,46039.10593,48675.22234,53044.53244,52476.27325,52162.57012,58727.87055,57025.01246
Norway,38178.23688,38601.89764,43170.55717,50250.32982,57768.6981,67047.17046,74434.49968,85502.26771,97503.54078,80347.57007,88163.20859,101221.8135,102175.9193,103553.8401,97666.69518,74809.9658,70867.361,76131.8384,82792.84271,76430.58895,68340.0181,93072.89251,108729.1869
Nepal,223.7118919,240.7051592,238.8612541,246.4858378,279.7242003,309.3104201,341.02814,386.5295864,466.6933791,475.6359761,589.1654349,791.2255767,794.0925594,809.3844577,827.7447049,882.3076634,880.2248936,1027.965474,1161.53435,1185.682318,1139.189892,1229.394205,1336.546047
Nauru,8686.319372727403,7177.3385396207095,7441.649087069555,8720.80938374192,10755.748221463129,12654.037341254445,11970.462604056358,12361.905713670818,9371.430162144396,4262.448923338226,4644.355494,6328.102672,9675.959685,8825.978581,9063.00223,7587.25441,8528.630151,9361.037397,10985.8744,10316.52782,10124.70062,11632.6925,11970.93828
New Zealand,13641.10272,13882.85683,16874.18749,21913.70817,25420.23488,27751.06547,26654.5932,32479.98174,31252.96256,28209.36233,33676.77412,38387.62708,39973.38076,42976.64959,44572.89875,38630.72659,40058.19616,42910.97284,43236.88669,42796.43058,41760.59478,49996.42067,48418.59166
OECD members,23054.56167,22671.47618,23474.88307,26058.8857,28798.16697,30228.63306,31656.87102,34404.47351,36254.15972,33671.86173,35088.33021,37547.35293,37285.58402,37546.4785,38068.49527,35666.45674,36115.19307,37476.54662,39416.24261,39583.2257,38402.1176,42731.28895,43476.37804
Oman,8321.393867,8191.512832,8380.038952,8896.90253,10030.44443,12357.70139,14533.72942,16151.27584,22974.27735,17937.97957,22552.19901,24166.09631,24722.63882,23563.9406,23121.20638,18777.43306,17082.2062,17802.57512,19887.57431,19132.15227,16707.62301,19509.46646,25056.79486
Other small states,4265.735375,4168.960545,4419.942236,5409.007657,6596.340692,7832.931539,8971.446614,10683.73334,12728.7542,10656.21881,12139.09278,14660.13584,14987.30726,15303.84295,15445.71568,12502.87288,12088.90977,12902.1702,14076.26351,13574.60779,11686.93411,13975.16651,16003.09753
Pakistan,644.457157,610.1432316,599.7894108,673.382966,774.7853357,832.7511375,909.0324033,1012.182794,1087.514777,985.3493008,1011.59718,1161.044321,1236.892763,1259.668368,1303.18537,1421.835278,1468.822082,1567.640612,1620.742591,1437.165833,1322.314785,1506.108293,1588.879829
Panama,4099.00654,4084.258536,4163.521959,4304.10698,4629.029316,4953.12998,5385.564243,6205.821576,7197.110786,7618.438459,8124.558307,9403.439908,10767.29318,11932.28622,12837.24796,13669.55944,14382.23238,15185.97248,16156.07429,16472.83175,13293.3332,15491.2898,17357.62863
Peru,1941.31826,1925.97942,2003.971081,2126.137824,2393.665897,2702.237701,3123.320159,3572.363589,4184.885982,4164.970483,5047.204643,5826.832307,6475.720443,6697.187747,6614.83082,6180.119268,6163.860425,6676.308793,6912.103988,6955.880824,6063.626923,6635.464148,7125.829931
Philippines,1073.264436,991.1479821,1037.174788,1049.386495,1122.855522,1245.286584,1452.221405,1741.603511,1990.356129,1893.281641,2201.776828,2431.199961,2671.777522,2847.567943,2935.928598,2974.296917,3038.152037,3077.434419,3194.672701,3413.849044,3224.422811,3460.539382,3498.509806
Palau,7416.480787,7913.450676,8220.487633,7744.627767,8297.895213,9603.797085,9805.92283,10270.45854,10380.26908,9960.84139,10029.28803,10795.56469,11835.38393,12418.82617,13580.00674,15761.36338,16743.37674,16011.66115,16152.38923,15738.46701,14349.31682,12921.82732,13972.194850712687
Papua New Guinea,639.2791999,540.6738896,509.0304919,580.5981672,624.0353213,748.7350734,1245.474176,1379.126993,1635.039566,1578.968628,1879.240559,2303.826611,2653.09279,2578.498647,2742.25005,2502.073445,2332.675888,2495.140773,2584.327802,2593.775554,2446.084687,2624.60411,3115.922923
Poland,4501.479961,4991.244358,5207.129304,5701.638863,6681.309751,8021.54789,9035.532758,11254.31409,13995.78116,11525.90074,12504.25019,13776.38836,13010.75559,13558.34113,14181.94868,12560.05142,12378.81176,13815.49995,15504.50894,15700.01358,15816.8204,18050.27944,18688.00449
Pre-demographic dividend,503.2428449,467.2822408,521.4692433,549.9620462,665.7511465,806.9050026,990.3261102,1168.00459,1416.3018,1258.844624,1439.05261,1626.632857,1715.302662,1820.016344,1877.254707,1563.469332,1388.67826,1438.131311,1452.899967,1489.89883,1330.42077,1417.16419,1558.021277
Puerto Rico,16192.12697,18123.1987,18731.45939,19557.12025,20988.99233,21959.3227,22935.94116,23664.88235,24898.33459,25768.72589,26435.74879,27278.88305,27944.73389,28513.16574,28981.45733,29763.4883,30627.1634,31108.75275,31615.06679,32916.8668,31427.42911,32601.56564,35208.63719
Portugal,11526.37207,11734.76497,12936.69282,15797.78213,18064.15809,18780.12751,19839.45405,22811.05648,24949.04136,23151.21541,22520.64231,23217.2955,20563.7136,21653.19598,22103.70097,19250.10654,19991.97249,21490.42986,23562.55452,23330.81729,22242.40642,24661.16649,24515.26585
Paraguay,1728.340743,1630.190846,1361.249281,1436.764904,1776.932258,1960.514766,2426.417098,3194.262982,4360.429109,3920.186071,4725.726341,5776.281848,5617.104918,6410.814703,6629.416993,5861.401895,5759.042198,6136.058301,6242.961454,5807.838794,5353.348065,5959.441794,6153.055657
West Bank and Gaza,1476.17185,1335.553195,1156.217473,1257.69857,1422.190886,1543.701414,1570.1044,1664.245717,2035.202341,2191.781787,2557.075624,2880.798437,3067.438727,3315.297539,3352.112595,3272.154324,3527.613824,3620.360487,3562.330943,3656.858271,3233.568638,3678.635657,3789.327966
Pacific island small states,1687.725925,1641.988433,1701.236867,2000.441384,2272.909995,2494.076674,2586.388544,2818.287675,2977.757264,2649.808491,2882.716204,3324.395457,3484.174056,3582.878279,3851.251339,3723.875114,3866.86186,4128.661018,4288.226218,4222.882129,3698.09906,3650.854152,3912.185639
Post-demographic dividend,25861.00621,25489.0929,26453.16056,29509.98414,32624.92388,34154.36133,35741.65465,38783.0881,40835.85939,38244.94459,39705.65003,42530.78374,42291.0785,42523.74338,43170.29524,40636.3472,41363.38587,42968.28953,45382.76395,45700.0608,44514.12268,49527.66013,50482.11313
French Polynesia,14346.18626,14012.24297,15302.35185,18724.49152,20829.06571,21047.193,21382.23571,23837.81753,25437.66858,23326.08756,21447.85826,21747.98884,19864.5357,20941.51734,21223.07549,18252.5142,18726.63947,19743.95902,20614.89437,20093.20858,19185.69777,20230.24105,18984.8511
Qatar,27494.77133,25836.27079,27151.0325,31440.22071,40792.27647,52468.44565,59978.86121,64706.9899,79811.59774,60733.9817,73021.30975,92992.99713,98041.36224,97630.82552,93126.14946,66984.9102,58467.23557,59407.69805,66264.08117,62827.39695,52315.66008,66858.74172,87661.45015
Romania,1659.929049,1825.192994,2119.855097,2679.40626,3494.990564,4618.003508,5757.531273,8360.337759,10435.21798,8548.04859,8397.809173,9560.159425,8930.729912,9497.206476,10031.34215,8976.954489,9404.381259,10727.97086,12494.42358,12957.99911,13047.45666,14946.62497,15786.80174
Russian Federation,1771.594116,2100.352539,2377.529541,2975.123047,4102.364746,5323.455078,6920.199707,9101.239258,11635.28418,8562.824219,10674.99023,14311.06445,15420.85938,15974.62207,14095.64648,9313.021484,8704.894531,10720.33203,11287.35449,11536.25879,10194.44141,12532.05078,15270.70605
Rwanda,255.1119678,239.1456764,234.8351253,249.574757,270.3233079,325.0500663,358.1392267,427.4571469,529.567595,565.0186811,594.1602545,650.9914842,706.2020035,704.4856255,724.7923503,733.8874728,728.8696189,756.5476411,768.9436612,806.1008203,773.7732609,821.1713948,966.2320714
South Asia,460.3493934,462.4615283,475.6381394,544.9458025,621.1928553,697.9549072,779.5525709,966.3375201,967.0672768,1040.459637,1253.946408,1361.483067,1362.331774,1380.003413,1490.717749,1539.470601,1675.438752,1887.890561,1920.140055,1965.094236,1853.845901,2136.192891,2287.416124
Saudi Arabia,8795.260596,8337.322724,8380.959296,9321.803874,10935.01659,13462.76305,14848.60206,15756.19362,18944.85735,15064.63128,17958.94783,22441.57114,24069.20331,23945.51231,23862.80119,20442.36606,19930.40754,20910.48296,24175.58331,23405.7061,20398.06099,24315.61855,30447.88371
Sudan,378.1575012,471.3727722,529.4519653,607.0063477,737.1228027,945.6896973,1179.898315,1500.673096,1585.582397,1382.62146,1706.414917,1982.816162,1797.400879,1834.561035,2076.000977,2226.409424,2614.294434,3188.769287,769.8691406,748.0109253,608.3325195,749.7067871,1102.146484
Senegal,619.6421235,654.8407274,688.1874795,840.358254,941.8737925,1003.187193,1038.579092,1210.167498,1419.530903,1323.971226,1286.604966,1383.539116,1334.725915,1391.53219,1417.094987,1238.1264,1290.749971,1385.199214,1484.22707,1462.678353,1492.475903,1633.560119,1598.726433
Singapore,23852.83895,21699.74149,22159.83737,23730.38401,27608.08001,29961.31728,33768.45282,39432.88602,40008.57205,38926.80544,47236.68308,53891.45703,55547.55531,56967.42579,57564.80231,55645.60686,56895.65831,61164.89736,66836.522,66070.48681,61273.99166,77710.08924,82807.62906
Solomon Islands,976.428269,929.8664903,768.4948507,905.5821641,991.988551,1145.866554,1250.953842,1377.862006,1504.527495,1526.159908,1661.997885,1921.356352,2087.517887,2208.085284,2235.733703,2134.805418,2196.283891,2283.579051,2450.482888,2398.77305,2222.462119,2232.536954,2205.251805
Sierra Leone,138.7139416,221.2950856,240.5075193,255.9726186,258.4731688,286.2859063,320.5144108,358.0773155,402.5534055,386.4338685,400.5407437,443.4518422,558.1797233,706.4526815,702.3385877,581.2934118,515.4478396,484.4561288,519.6499639,506.6069138,493.4322406,504.6212876,475.7957278
El Salvador,1977.840614,2051.158774,2106.739469,2197.482001,2273.955503,2434.323531,2651.430888,2814.589889,2964.17214,2889.685887,3017.307395,3304.974183,3471.051269,3555.1621,3638.517658,3761.51368,3870.312982,3986.049014,4145.862351,4280.288404,3961.726633,4664.311223,5127.321668
San Marino,37473.78698,39415.16294,41770.14662,51198.42526,59249.64768,60520.79204,63692.61677,71970.05873,77962.14399,66200.67297,59516.3234,55815.28526,48433.5703,50435.36733,50133.60652,42281.81125,43398.42853,44885.51784,48464.52465,47287.39839,45321.48922,54982.45171,56078.154865974764
Serbia,914.7857199,1727.282228,2283.846685,3005.426352,3502.802924,3720.479155,4382.617279,5848.476405,7101.040141,6169.114195,5735.422857,6809.159804,6015.945228,6755.073675,6600.056211,5588.979444,5765.203352,6292.546549,7252.403668,7417.206608,7733.803469,9232.961606,9537.682867
Sub-Saharan Africa (excluding high income),631.0710564,589.40202,625.2032485,767.0068263,927.5522129,1072.430543,1234.177572,1392.202726,1535.710385,1438.214629,1664.455056,1827.411818,1847.051044,1904.81902,1936.09169,1685.877621,1525.689056,1609.806187,1628.746521,1629.987221,1489.449067,1634.265336,1700.102181
Sub-Saharan Africa,631.9767972,590.3008707,626.1864718,767.9592679,928.6532422,1073.59654,1235.42376,1393.390631,1536.726684,1439.062132,1665.400988,1828.405972,1848.047748,1906.026834,1937.325199,1687.100915,1526.957693,1611.099075,1630.055972,1631.312141,1490.349666,1635.217341,1701.245382
Small states,4306.234555,4258.401837,4489.240431,5292.18044,6274.867194,7352.452526,8385.691439,9833.764295,11591.22481,9731.597667,10985.2852,13029.26338,13391.82813,13668.08735,13841.68164,11588.22341,11169.73931,11864.82223,12823.54002,12448.87375,10704.40727,12682.81722,14684.05791
Sao Tome and Principe,467.59875290281514,519.295583,568.4096734,663.9206639,726.5977407,843.9551113,861.5182023,878.1354699,1080.556568,1126.538585,1043.281427,1217.212064,1207.700702,1378.230193,1484.170105,1292.733055,1428.257908,1547.82271,1815.605495,1924.40815,2155.265868,2350.452701,2386.696176
Suriname,1978.446611,1711.714461,2206.27291,2529.259422,2906.725278,3474.120331,5031.158465,5562.334068,6616.815126,7176.857658,7999.507394,8009.252302,8922.956186,9124.541093,9199.177893,8907.837258,5705.399487,6112.883014,6730.836961,6690.044786,4796.533314,5026.879493,5858.824661
Slovak Republic,5426.624281,5722.168183,6564.696314,8731.937368,10691.44655,11690.11347,13170.78498,16106.06044,18753.58494,16597.20846,16908.84796,18509.74022,17498.3539,18276.00955,18719.98814,16390.88217,16563.4405,17585.197,19486.39368,19381.89055,19552.09111,21768.14867,21256.80843
Slovenia,10201.30354,10479.75963,11777.15566,14849.03724,17233.13856,18098.90854,19672.96556,23817.88673,27595.59997,24792.12798,23532.48085,25128.01504,22641.80512,23503.28249,24247.17332,20890.16643,21678.35947,23514.02546,26123.74713,26042.44635,25558.42905,29331.0647,28439.3341
Sweden,29624.91267,27247.85773,29899.19525,37321.7979,42821.67314,43437.06312,46593.60216,53700.00534,56152.55234,46946.96027,52869.04429,60755.75955,58037.82132,61126.9432,60020.36046,51545.48361,51965.15715,53791.50873,54589.06039,51939.42974,52837.90398,61417.68088,56424.2847
Eswatini,1686.657532,1481.163082,1362.970568,2075.561667,2599.15215,2964.972487,3053.932571,3200.512571,3022.456177,3270.137761,4035.534481,4360.959967,4396.57912,4111.128382,3928.522755,3583.31129,3339.990401,3824.046783,4021.445556,3818.540484,3372.90461,4068.573816,3986.886637
Seychelles,8063.655006,8153.298637,8864.169195,9070.284608,10827.67164,11802.11183,12782.99389,12669.30267,11265.43763,9748.955842,10938.15276,12113.88172,12342.51028,14729.62662,15188.17468,14894.48578,15409.80463,15961.24363,16411.92112,16851.11976,12020.02106,12963.05898,13250.45583
Syrian Arab Republic,4941.852597,5187.206107,5276.064713,5433.642274,6241.058232,7221.643883,7914.771494,8695.844461,10155.97367,10288.14905,11304.64493,2971.282455,1910.604539,993.7398825,1071.234204,857.4978671,664.3416724,862.3190633,1111.872092,1124.520554,537.0902346,420.6227052,1122.610268171599
Turks and Caicos Islands,18917.278356955332,18323.87374,17803.08282,18848.77869,21233.9324,24115.26568,28728.56972,29446.08269,31459.54343,24602.91102,23103.94268,23649.71443,22666.40691,22451.56873,24040.87466,25783.2941,26995.03216,25659.19586,26831.97146,27795.14856,20882.26127,23158.6379,24917.59581
Chad,168.1176582,200.3610081,225.947311,298.2498817,460.0670183,664.597656,716.6677684,806.7103188,936.4941371,808.1615235,896.8767046,988.19416,969.6161428,980.0835444,1017.787762,774.4116031,691.9800774,662.897473,720.2651014,701.621201,643.7722157,685.690315,716.8043811
East Asia & Pacific (IDA & IBRD countries),966.8073416,1018.98159,1117.756176,1254.360602,1442.569055,1657.503072,1980.554903,2484.834553,3120.4831,3358.419213,4058.012962,4919.038742,5437.548844,5948.319538,6363.068071,6572.915168,6666.248262,7231.043138,8033.191325,8262.811559,8354.747371,9922.0435,10065.03475
Europe & Central Asia (IDA & IBRD countries),2052.573466,2088.887297,2350.651967,2891.379681,3738.506129,4678.643652,5651.270637,7262.845866,8965.658951,7081.618301,8281.561566,10026.16886,10423.47257,10974.08417,10318.16384,8020.645993,7670.482889,8565.507961,8897.540803,9039.80028,8455.237621,9982.81223,11342.49186
Togo,297.8995067,288.107878,323.1441359,390.3036097,406.0923589,399.4474777,400.3214877,621.7345761,735.8554211,737.9537031,722.2294,803.4823966,781.5543405,847.3875004,877.192473,770.1433793,792.4405509,813.3950065,873.5548872,848.3045346,886.6995115,976.6661831,942.6499016
Thailand,2004.107059,1889.971411,2091.178903,2350.845496,2647.260733,2876.245773,3343.785952,3934.690909,4327.79747,4154.187447,4996.372098,5396.643586,5748.632721,6041.133948,5822.377783,5708.794091,5854.463908,6436.78966,7124.55881,7628.576033,7001.78546,7060.897707,6909.956285
Tajikistan,137.1819092,168.6385933,186.663376,233.094087,305.2660436,333.7139384,401.0268293,517.4348725,704.6501788,666.7212906,740.2761912,837.8814952,959.3602175,1038.320717,1094.430124,970.3625997,801.39384,844.3652498,850.6669582,889.0233718,852.3302296,916.6919671,1054.189484
Turkmenistan,635.7144663,762.6107976,949.5763982,1256.031867,1418.806266,1658.672779,2074.407389,2520.285026,3778.668539,3901.670283,4286.880505,5453.155005,6441.886618,7049.797505,7685.509859,6208.296655,6163.253406,6354.53283,6721.34954,7344.880204,7330.366288,7885.299896,8792.548504
Latin America & the Caribbean (IDA & IBRD countries),4378.437114,4212.788889,3704.370565,3717.752694,4239.134122,5085.544114,5904.565856,6903.242165,7963.230617,7367.391622,9093.173824,10246.02996,10241.57513,10377.01162,10460.21459,8577.487766,8258.066184,9106.598873,8817.701109,8593.061308,7186.562493,8262.542085,9324.959304
Timor-Leste,417.7379434,534.6505771,516.0898994,529.2197975,465.9377646,476.9027136,456.2726984,532.4854173,621.7414647,682.2247874,810.2164842,936.7089677,1020.110295,1201.602507,1221.72396,1322.929094,1349.546777,1285.523976,1241.164485,1583.078603,1663.559629,2741.95082,2389.295875
Middle East & North Africa (IDA & IBRD countries),1892.997199,1878.635993,1798.665811,1932.121444,2250.263316,2603.118816,2978.474524,3563.77553,4312.624495,4115.820615,4647.930916,4698.685374,4975.306641,4483.245513,4328.807414,3811.773554,3836.321689,3773.136769,3518.381989,3473.741368,3118.749032,3589.595352,4001.122645
Tonga,1996.515578,1754.84188,1760.667034,1937.042345,2195.986397,2478.427047,2751.960283,2799.368182,3221.080519,2915.493904,3416.110699,3852.144462,4378.571528,4208.187891,4125.425454,4117.931047,3978.437686,4367.256603,4649.613301,4878.978686,4605.970841,4425.971492,4536.445040860656
South Asia (IDA & IBRD),460.3493934,462.4615283,475.6381394,544.9458025,621.1928553,697.9549072,779.5525709,966.3375201,967.0672768,1040.459637,1253.946408,1361.483067,1362.331774,1380.003413,1490.717749,1539.470601,1675.438752,1887.890561,1920.140055,1965.094236,1853.845901,2136.192891,2287.416124
Sub-Saharan Africa (IDA & IBRD countries),631.9767972,590.3008707,626.1864718,767.9592679,928.6532422,1073.59654,1235.42376,1393.390631,1536.726684,1439.062132,1665.400988,1828.405972,1848.047748,1906.026834,1937.325199,1687.100915,1526.957693,1611.099075,1630.055972,1631.312141,1490.349666,1635.217341,1701.245382
Trinidad and Tobago,6120.942704,6592.776648,6692.804355,8352.463158,9756.500371,11673.78154,13340.91627,15627.28682,20011.14827,13682.76361,15711.55871,17910.31915,19110.0539,19927.4039,20473.40403,18508.7705,16139.10526,16258.74893,16328.12689,15642.40672,13705.90023,16056.30204,19629.46534
Tunisia,2170.508671,2207.659921,2292.483705,2693.196614,3029.848769,3106.57663,3279.10282,3678.062479,4200.172644,4029.461206,4241.01191,4361.949122,4233.916254,4308.338305,4398.638695,3960.924849,3796.1096,3569.718839,3577.175342,3477.836181,3497.719027,3807.184109,3747.419391
Turkiye,4278.263113,3100.458999,3640.762836,4704.772663,6031.791367,7369.431889,8003.814493,9711.223761,10843.50369,9012.999458,10622.70204,11300.78522,11713.28498,12578.18786,12165.22014,11049.99511,10970.04589,10695.5502,9568.83619,9215.440875,8638.739133,9743.213131,10674.50417
Tuvalu,1564.014893,1451.484495,1752.80181,2012.447045,2328.493002,2311.337754,2402.480106,2803.248467,3103.040777,2697.634893,3043.16668,3663.267055,3624.984289,3536.901505,3556.379728,3384.383201,3836.073003,4181.436586,4419.259998,4940.050983,4674.911403,5372.760239,5221.532799
Tanzania,399.4627686,394.353241,400.2145081,419.5645142,447.5897522,480.1800537,472.6133423,539.5395508,671.2444458,688.7103882,730.7823486,768.9334106,854.5404663,954.6588135,1013.428772,929.7998047,942.8890381,975.9046631,1011.600159,1050.931763,1104.164429,1146.031982,1192.766479
Uganda,257.8296057,235.8529749,241.8689302,250.6905884,292.4726656,330.6028544,346.7684623,401.7091876,473.3028334,799.9296321,824.7376711,837.0958842,796.7111394,819.7578673,897.5097286,864.1800593,753.6844055,766.177604,793.1280822,823.0247329,846.8811992,883.4657281,964.3958695
Ukraine,658.3446045,807.8019409,911.9068604,1087.788086,1416.60376,1894.460083,2391.323975,3197.934326,4066.531738,2639.378174,3078.414795,3704.842285,4004.789795,4187.739746,3104.653809,2124.662598,2187.727539,2638.325439,3096.5625,3661.457764,3751.737305,4827.845703,4533.975586
Upper middle income,1874.501325,1866.67415,1877.439013,2088.390398,2470.446284,2934.222802,3467.708751,4255.42075,5140.552742,4928.564998,5998.634642,7182.160175,7617.695422,8078.037981,8239.684335,7683.611108,7607.596731,8352.326026,8912.567581,9023.202992,8663.002093,10271.80149,10814.27758
Uruguay,6932.478134,6331.156602,4115.154549,3638.943591,4130.100115,5233.457171,5942.126749,7149.374634,9328.065708,9780.739618,12512.59413,14975.56282,16087.25208,18140.89221,18131.57885,16950.75317,16837.94038,18995.39702,19026.04982,18098.36155,15650.4993,17923.99533,20795.04235
United States,36329.95607,37133.62311,37997.75966,39490.27496,41724.63163,44123.40707,46302.00088,48050.22378,48570.04598,47194.94335,48650.64313,50065.9665,51784.41857,53291.12769,55123.84979,56762.72945,57866.74493,59907.75426,62823.30944,65120.39466,63528.6343,70219.47245,76329.58227
Uzbekistan,558.2268024,456.7062895,383.343068,396.377979,465.1198869,546.7768502,654.2838373,830.4076942,1082.286025,1213.265328,1742.349256,2051.129515,2267.623275,2419.718744,2628.460054,2753.971058,2704.677189,1916.764625,1604.258642,1795.201768,1759.307471,1993.424478,2255.151155
St. Vincent and the Grenadines,3760.080457,4066.070638,4299.372868,4500.927334,4883.313665,5176.128147,5775.091747,6439.008398,6641.495878,6503.097772,6590.989579,6566.482713,6754.370184,7117.554763,7210.603113,7386.746638,7684.79284,7996.636984,8399.707731,8680.251102,8306.360493,8360.064239,9125.324771
"Venezuela, RB",4795.634748,4940.113903,3667.200194,3243.368805,4287.631579,5456.322425,6769.868414,8369.235268,11310.77817,11641.79915,13692.91497,10877.11236,12937.9276,12433.98079,15975.72938,17359.290556961416,17379.038271647558,17913.52485115133,18654.700859197248,18533.163289828863,17687.292938896688,17972.807766103746,17141.903449250498
Virgin Islands (U.S.),27548.893762004445,27643.67715588455,30062.02251,31731.25662,35006.36144,40828.74609,41377.1466,44158.5054,39152.37507,38753.18254,39905.12842,38997.13732,37795.31926,34597.97669,33045.36438,34007.35294,35324.97489,35365.0693,36663.20876,38633.52989,39411.04525,41976.00831,49261.8339582889
Viet Nam,394.5831366,409.4977339,434.8102921,485.4509081,551.9035051,693.1898425,790.5925164,913.3123316,1158.101627,1225.845009,1684.011772,1953.55715,2190.23244,2367.499331,2558.778758,2595.234844,2760.717101,2992.071532,3267.225069,3491.09141,3586.347176,3756.488901,4163.514299
Vanuatu,1416.197027,1309.047584,1299.178902,1517.294449,1718.263029,1814.817826,1970.898411,2261.459294,2525.083904,2472.463564,2732.551567,3064.751201,2906.342461,2877.444528,2861.203154,2643.886886,2757.203306,3032.19703,3076.835315,3076.589886,2917.756849,3044.57364,3231.3513
World,5517.121715,5410.749791,5545.61076,6138.110737,6829.846305,7303.74346,7816.391751,8700.587475,9443.240891,8842.426339,9570.618407,10485.49418,10587.93714,10749.96067,10911.12712,10168.12454,10215.58544,10754.92975,11297.4524,11338.15032,10904.14761,12316.10246,12687.74189
Samoa,1406.765683,1435.345181,1509.88659,1778.842234,2168.028186,2527.762838,2639.805669,3011.100809,3344.054559,3250.953097,3494.395225,3789.626995,3902.311992,3989.89859,3948.728022,4048.467113,4105.810905,4261.640343,4189.052191,4308.300729,4042.722752,3857.689742,3745.560367
Kosovo,8321.28523981393,7779.9487408462555,8226.642200636461,9412.681612100097,10236.164062727597,9781.994582198007,6802.277998394013,6431.559757329337,2965.449915,2847.555339,3009.523425,3540.822786,3410.693255,3704.562803,3902.530841,3520.782075,3759.472855,4009.353811,4384.18868,4416.029253,4310.934002,5269.783901,5340.268798
"Yemen, Rep.",519.5916393,514.6923407,543.9000684,583.3696527,668.854619,784.7579805,867.8359626,956.2304767,1153.536422,1045.805578,1249.063085,1284.617635,1349.99061,1497.747941,1557.601406,1488.416269,1069.816998,893.7164937,701.7148686,693.816504,578.5120105,543.6375376,650.2722184
South Africa,3241.661396,2867.472497,2708.423333,4095.6837,5268.278576,5893.187076,6139.581618,6662.062785,6251.877427,6444.18684,8059.562798,8737.041269,8173.869138,7441.230854,6965.137897,6204.929901,5735.066787,6734.475153,7067.724165,6702.526617,5753.066494,7073.612754,6766.481254
Zambia,364.0261454,401.7323159,399.0990779,452.286582,556.0500516,720.4465047,1065.596417,1133.436158,1393.519491,1150.941746,1469.36145,1644.456831,1729.647471,1840.320553,1724.57622,1307.909649,1249.923143,1495.752138,1475.199883,1268.120941,956.831729,1134.713454,1456.90157
Zimbabwe,565.2843897,569.0032086,529.1868828,474.3022011,477.399491,470.7837614,441.4987969,425.0368417,351.8391005,762.2979603,937.84034,1082.615773,1290.193957,1408.36781,1407.034291,1410.329173,1421.787791,1192.107012,2269.177012,1421.868596,1372.696674,1773.920411,1676.821489
